EmployeeCode,EmployeeName,DeviceCode,Company,Department,Location,Designation,Grade,Team,Category,EmploymentType,Gender,DOJ,DOC,CardNumber
5,5,5,Default,Default,,,,,Default,Permanent,Male,1/1/1900,1/1/1900,
6,6,6,Default,Default,,,,,Default,Permanent,Male,1/1/1900,1/1/1900,
7,7,7,Default,Default,,,,,Default,Permanent,Male,1/1/1900,1/1/1900,[db5ec80000]
8,8,8,Default,Default,,,,,Default,Permanent,Male,1/1/2014,1/1/2014,
118811,118811,118811,Default,Default,,,,,Default,Permanent,Male,1/1/1900,1/1/1900,
118822,118822,118822,Default,Default,,,,,Default,Permanent,Male,1/1/1900,1/1/1900,
118833,118833,118833,Default,Default,,,,,Default,Permanent,Male,1/1/1900,1/1/1900,
118844,118844,118844,Default,Default,,,,,Default,Permanent,Male,1/1/1900,1/1/1900,
