EmployeeCode,EmployeeName,DeviceCode,Company,Department,Location,Designation,Grade,Team,Category,EmploymentType,Gender,DOJ,DOC,CardNumber
100,BASAVARAJ,100,Default,HR & ADMIN,,DRIVER,,,Default,Permanent,Male,01/01/1900,01/01/1900,
1001,SEETHARAMU S.K,1001,MICRON ELECTRICALS,MANAGEMENT,Bangalore,MANAGING PARTNER,,,Default,Permanent,MALE,01/01/1900,01/01/1900,
1003,NARASIMHAN S,1003,MICRON ELECTRICALS,MANAGEMENT,Bangalore,PARTNER,,,Default,Permanent,MALE,01/01/1900,01/01/1900,[0cb2640000]
1004,MADHUSUDHAN B.S,1004,MICRON ELECTRICALS,MANAGEMENT,Bangalore,CHIEF GENERAL MANAGER - PROJECTS,,,Default,Permanent,MALE,01/01/1900,01/01/1900,[0eb2640000]
1005,GAVINDRAJ H.N,1005,MICRON ELECTRICALS,MANAGEMENT,Bangalore,CHIEF OPERATING OFFICER,,,Default,Permanent,MALE,01/01/1900,01/01/1900,[0db2640000]
100462,100462,100462,Default,Default,,,,,Default,Permanent,Male,01/01/1900,01/01/1900,
500148,500148,500148,Default,Default,,,,,Default,Permanent,Male,01/01/1900,01/01/1900,
500383,500383,500383,Default,Default,,,,,Default,Permanent,Male,01/01/1900,01/01/1900,
601276,601276,601276,Default,Default,,,,,Default,Permanent,Male,01/01/1900,01/01/1900,
1000001,PARAMESHWARAPPA,1000001,CMS,HOUSE KEEPING,Bangalore,HOUSE KEEPING,,,Default,Permanent,MALE,01/01/1900,01/01/1900,[10b2640000]
1000002,NARASIMHA MURTHY N,1000002,CMS,HOUSE KEEPING,Bangalore,HOUSE KEEPING,,,Default,Permanent,MALE,01/01/1900,01/01/1900,[11b2640000]
1000003,MAHALINGAPPA,1000003,CMS,HOUSE KEEPING,Bangalore,HOUSE KEEPING,,,Default,Permanent,MALE,01/01/1900,01/01/1900,[14b2640000]
1000004,AMMU,1000004,CMS,HOUSE KEEPING,Bangalore,HOUSE KEEPING,,,Default,Permanent,FEMALE,01/01/1900,01/01/1900,[b5b1640000]
1000005,NAGAMMA,1000005,CMS,HOUSE KEEPING,Bangalore,HOUSE KEEPING,,,Default,Permanent,FEMALE,01/01/1900,01/01/1900,[f1b0640000]
1000006,MAHESWARI,1000006,CMS,HOUSE KEEPING,Bangalore,HOUSE KEEPING,,,Default,Permanent,FEMALE,01/01/1900,01/01/1900,[17b2640000]
1000007,SURESH,1000007,CMS,HOUSE KEEPING,Bangalore,HOUSE KEEPING,,,Default,Permanent,MALE,01/01/1900,01/01/1900,[12b2640000]
1000008,KANTHARAJU,1000008,CMS,HOUSE KEEPING,Bangalore,HOUSE KEEPING,,,Default,Permanent,MALE,01/01/1900,01/01/1900,[16b2640000]
1000009,HANUMANTHARAJU,1000009,CMS,HOUSE KEEPING,Bangalore,HOUSE KEEPING,,,Default,Permanent,MALE,01/01/1900,01/01/1900,[f0b0640000]
1000010,RANGASWAMY,1000010,CMS,HOUSE KEEPING,Bangalore,HOUSE KEEPING,,,Default,Permanent,MALE,01/01/1900,01/01/1900,[18b2640000]
1000011,NAGARAJ G,1000011,CMS,HOUSE KEEPING,Bangalore,HOUSE KEEPING,,,Default,Permanent,MALE,01/01/1900,01/01/1900,
1000012,PRAKASH N,1000012,SAVITHA ENTERPRISES,HR & ADMIN,Bangalore,DRIVER,,,Default,Permanent,MALE,01/01/1900,01/01/1900,
1000013,SREKANTH,1000013,SAVITHA ENTERPRISES,HR & ADMIN,Bangalore,DRIVER,,,Default,Permanent,MALE,01/01/1900,01/01/1900,
1000014,JAGADISH,1000014,SAVITHA ENTERPRISES,HR & ADMIN,Bangalore,DRIVER,,,Default,Permanent,MALE,01/01/1900,01/01/1900,
1000015,KISHOR V,1000015,SAVITHA ENTERPRISES,PLANNING & CO-ORDINATION,Bangalore,ASST. ENGINEER,,,Default,Permanent,MALE,01/01/1900,01/01/1900,
1000016,VIJAY KUMAR,1000016,CMS,HOUSE KEEPING,Bangalore,HOUSE KEEPING,,,Default,Permanent,MALE,01/01/1900,01/01/1900,
1000017,SHICANANJAPPA,1000017,CMS,HOUSE KEEPING,Bangalore,HOUSE KEEPING,,,Default,Permanent,MALE,01/01/1900,01/01/1900,
1000018,NAGARAJ,1000018,SAVITHA ENTERPRISES,HR & ADMIN,Bangalore,PLUMBER,,,Default,Permanent,MALE,01/01/1900,01/01/1900,
1000019,GANESH N BHAT,1000019,SAVITHA ENTERPRISES,ACCOUNTS,Bangalore,SR. EXECUTIVE,,,Default,Permanent,MALE,01/01/1900,01/01/1900,
1000020,NAGARAJ H,1000020,CMS,HOUSE KEEPING,Bangalore,HOUSE KEEPING,,,Default,Permanent,MALE,01/01/1900,01/01/1900,
1000021,GANGARAJU V,1000021,SAVITHA ENTERPRISES,HR & ADMIN,Bangalore,DRIVER,,,Default,Permanent,MALE,01/01/1900,01/01/1900,
1000022,HANUMANARASAIAH,1000022,G4S,SECURITY,Bangalore,SECURITY,,,Default,Permanent,MALE,01/01/1900,01/01/1900,
1000023,NAGARAJ C,1000023,G4S,SECURITY,Bangalore,SECURITY,,,Default,Permanent,MALE,01/01/1900,01/01/1900,
1000024,SANKETH K N,1000024,G4S,SECURITY,Bangalore,SECURITY,,,Default,Permanent,MALE,01/01/1900,01/01/1900,
1000025,MUNIRAJU V,1000025,G4S,SECURITY,Bangalore,SECURITY,,,Default,Permanent,MALE,01/01/1900,01/01/1900,
1000026,VIJENDRA MISHRA,1000026,G4S,SECURITY,Bangalore,SECURITY,,,Default,Permanent,MALE,01/01/1900,01/01/1900,
1000027,RAMANJENAIAH,1000027,G4S,SECURITY,Bangalore,SECURITY,,,Default,Permanent,MALE,01/01/1900,01/01/1900,
1000028,SEETHARAMAIAH,1000028,G4S,SECURITY,Bangalore,SECURITY,,,Default,Permanent,MALE,01/01/1900,01/01/1900,
1000029,RAMESH B R,1000029,G4S,SECURITY,Bangalore,SECURITY,,,Default,Permanent,MALE,01/01/1900,01/01/1900,
1000030,SIDDESH M,1000030,CMS,HOUSE KEEPING,Bangalore,HOUSE KEEPING,,,Default,Permanent,MALE,01/01/1900,01/01/1900,[15b2640000]
1000031,BHAGYA,1000031,CMS,HOUSE KEEPING,Bangalore,HOUSE KEEPING,,,Default,Permanent,FEMALE,01/01/1900,01/01/1900,[1ab2640000]
1000032,RANGAMMA,1000032,CMS,HOUSE KEEPING,Bangalore,HOUSE KEEPING,,,Default,Permanent,FEMALE,01/01/1900,01/01/1900,[13b2640000]
1000033,VINODA HIREMATH,1000033,SAVITHA ENTERPRISES,BILLING,Bangalore,ASST. ENGINEER,,,Default,Permanent,FEMALE,01/01/1900,01/01/1900,
1000034,YOGESH A.R,1000034,SAVITHA ENTERPRISES,HR & ADMIN,Bangalore,ADMIN CO-ORDINATOR,,,Default,Permanent,MALE,01/01/1900,01/01/1900,
1000035,MANJUNATHA RAO G,1000035,G4S,SECURITY,Bangalore,SECURITY,,,Default,Permanent,MALE,01/01/1900,01/01/1900,
1000036,RAMAKANTHA DAS,1000036,G4S,SECURITY,Bangalore,SECURITY,,,Default,Permanent,MALE,01/01/1900,01/01/1900,
1000037,NAGENDRA,1000037,G4S,SECURITY,Bangalore,SECURITY,,,Default,Permanent,MALE,01/01/1900,01/01/1900,
1000038,SRINIVAS S,1000038,SHIVA SHAKTI,STORES,Bangalore,CASUAL WORKER,,,Default,Permanent,MALE,01/01/1900,01/01/1900,
1000039,MAHENDRA V,1000039,SHIVA SHAKTI,STORES,Bangalore,CASUAL WORKER,,,Default,Permanent,MALE,01/01/1900,01/01/1900,
1000040,PRASAD BABU,1000040,G4S,SECURITY,,SECURITY,,,Default,Permanent,Male,01/01/1900,01/01/1900,
1000041,1000041,1000041,Default,Default,,,,,Default,Permanent,Male,01/01/1900,01/01/1900,
1000042,1000042,1000042,Default,Default,,,,,Default,Permanent,Male,01/01/1900,01/01/1900,
CONSULTANT-01,RADHAKRISHNA  ALSE,900001,MICRON ELECTRICALS,PURCHASE,Bangalore,CONSULTANT,,,Default,Permanent,MALE,01/12/2007,01/12/2007,[0fb2640000]
CONSULTANT-02,RAMA SETTY,900002,MICRON ELECTRICALS,LAISONING,Bangalore,CONSULTANT,,,Default,Permanent,MALE,02/11/2009,02/11/2009,[62b1640000]
CONSULTANT-03,N SRINIVAS,900003,MICRON ELECTRICALS,DESIGN,Bangalore,CONSULTANT,,,Default,Permanent,MALE,01/01/1900,01/01/1900,[b2b1640000]
MIC - 00001,A K RAMAPRASAD,100001,MICRON ELECTRICALS,STORES,Bangalore,STORES CO-ORDINATOR,,,Default,Permanent,MALE,01/04/1987,01/04/1987,[cfb1640000]
MIC - 00002,NARAYAN P,100002,MICRON ELECTRICALS,STORES,Bangalore,STORES CO-ORDINATOR,,,Default,Permanent,MALE,01/10/1987,01/10/1987,[eeb1640000]
MIC - 00003,GEETHA  N,100003,MICRON ELECTRICALS,TENDER & ESTIMATION,Bangalore,SR. MANAGER,,,Default,Permanent,FEMALE,01/01/1900,01/01/1900,[53b1640000]
MIC - 00004,C K UMESH,100004,MICRON ELECTRICALS,STORES,Bangalore,MANAGER - STORES & LOGISTIC,,,Default,Permanent,MALE,01/09/1994,01/09/1994,[edb1640000]
MIC - 00005,LATHANAGESH  H,100005,MICRON ELECTRICALS,PURCHASE,Bangalore,SR.MANAGER - PURCHASE,,,Default,Permanent,FEMALE,10/07/1995,10/07/1995,[54b1640000]
MIC - 00006,RAVINDRANATH K.,100006,MICRON ELECTRICALS,LAISONING,Bangalore,MANAGER,,,Default,Permanent,MALE,11/03/1998,11/03/1998,
MIC - 00009,SATHYASREE,100009,MICRON ELECTRICALS,TENDER & ESTIMATION,Bangalore,MANAGER,,,Default,Permanent,FEMALE,02/09/1998,02/09/1998,
MIC - 00010,SMITHA V.,100010,MICRON ELECTRICALS,HR & ADMIN,Bangalore,FRONT OFFICE EXECUTIVE,,,Default,Permanent,FEMALE,10/10/1998,10/10/1998,[57b1640000]
MIC - 00014,KUMAR  M. S.,100014,MICRON ELECTRICALS,HR & ADMIN,Bangalore,OFFICE ASST.,,,Default,Permanent,MALE,01/01/1900,01/01/1900,[58b1640000]
MIC - 00015,GIRISH G.,100015,MICRON ELECTRICALS,HR & ADMIN,Bangalore,OFFICE ASST.,,,Default,Permanent,MALE,04/12/1995,04/12/1995,[59b1640000]
MIC - 00017,NARENDRA BABU,100017,MICRON ELECTRICALS,LAISONING,Bangalore,SR. ENGINEER,,,Default,Permanent,MALE,01/01/1900,01/01/1900,[5ab1640000]
MIC - 00019,SEENAPPA,100019,MICRON ELECTRICALS,LAISONING,Bangalore,ENGINEER,,,Default,Permanent,MALE,04/07/2001,04/07/2001,[5bb1640000]
MIC - 00022,SATHYAVANI U.,100022,MICRON ELECTRICALS,BILLING,Bangalore,SR. ENGINEER,,,Default,Permanent,FEMALE,10/01/2003,10/01/2003,[5eb1640000]
MIC - 00024,CHANDRASHEKAR,100024,MICRON ELECTRICALS,HR & ADMIN,Bangalore,OFFICE ASST.,,,Default,Permanent,MALE,01/01/1900,01/01/1900,[5fb1640000]
MIC - 00025,MANJUNATHA S R,100025,MICRON ELECTRICALS,STORES,Bangalore,STORES ASSISTANT,,,Default,Permanent,MALE,01/09/2003,01/09/2003,[efb1640000]
MIC - 00026,SURESH AYENGAR,100026,MICRON ELECTRICALS,STORES,Bangalore,STORES INCHARGE,,,Default,Permanent,MALE,10/03/2004,10/03/2004,[f0b1640000]
MIC - 00027,KESHAVA MURTHY,100027,MICRON ELECTRICALS,HR & ADMIN,Bangalore,OFFICE ASST.,,,Default,Permanent,MALE,11/11/2002,11/11/2002,[60b1640000]
MIC - 00031,SOMASHEKAR R.,100031,MICRON ELECTRICALS,HR & ADMIN,Bangalore,SYSTEM ADMIN,,,Default,Permanent,MALE,02/02/2004,02/02/2004,[b6b1640000]
MIC - 00035,MAREGOWDA H,100035,MICRON ELECTRICALS,STORES,Bangalore,SR. TECHNICIAN,,,Default,Permanent,MALE,09/08/2004,09/08/2004,[f1b1640000]
MIC - 00037,BALASUBRAMANYAM K. S.,100037,MICRON ELECTRICALS,HR & ADMIN,Bangalore,MANAGER - HR & ADMIN,,,Default,Permanent,MALE,01/01/1900,01/01/1900,[63b1640000]
MIC - 00039,ASHWINI  S  KUMAR,100039,MICRON ELECTRICALS,PURCHASE,Bangalore,EXECUTIVE,,,Default,Permanent,FEMALE,06/12/2004,06/12/2004,[64b1640000]
MIC - 00040,VATHSALA  S. Y.,100040,MICRON ELECTRICALS,ACCOUNTS,Bangalore,ACCOUNTS EXECUTIVE,,,Default,Permanent,FEMALE,01/04/2005,01/04/2005,[65b1640000]
MIC - 00041,SURESH S,100041,MICRON ELECTRICALS,STORES,Bangalore,OFFICE ASSISTANT,,,Default,Permanent,MALE,01/11/2000,01/11/2000,[f6b1640000]
MIC - 00042,LATHA S,100042,MICRON ELECTRICALS,HR & ADMIN,Bangalore,SECRETARY TO MD,,,Default,Permanent,FEMALE,01/06/2005,01/06/2005,[66b1640000]
MIC - 00043,HARISH KUMAR C. S.,100043,MICRON ELECTRICALS,DESIGN,Bangalore,ASST. ENGINEER,,,Default,Permanent,MALE,01/01/1900,01/01/1900,[67b1640000]
MIC - 00045,TANUJA B,100045,MICRON ELECTRICALS,STORES,Bangalore,EXECUTIVE,,,Default,Permanent,FEMALE,01/01/1900,01/01/1900,[f2b1640000]
MIC - 00046,VINOD KUMAR B.,100046,MICRON ELECTRICALS,DESIGN,Bangalore,ASST. ENGINEER,,,Default,Permanent,MALE,11/07/2005,11/07/2005,[68b1640000]
MIC - 00052,DINAKAR V.,100052,MICRON ELECTRICALS,HR & ADMIN,Bangalore,OFFICE ASST.,,,Default,Permanent,MALE,12/11/1999,12/11/1999,[69b1640000]
MIC - 00053,MADHUSUDHANA R.,100053,MICRON ELECTRICALS,HR & ADMIN,Bangalore,OFFICE ASST.,,,Default,Permanent,MALE,01/01/1900,01/01/1900,[6ab1640000]
MIC - 00054,POORNIMA  M  R,100054,MICRON ELECTRICALS,PURCHASE,Bangalore,JR. ENGINEER,,,Default,Permanent,FEMALE,01/01/1900,01/01/1900,[6bb1640000]
MIC - 00062,VIRUPAKSHAPPA M,100062,MICRON ELECTRICALS,DESIGN,Bangalore,DRAUGHTSMAN,,,Default,Permanent,MALE,01/01/1900,01/01/1900,[6cb1640000]
MIC - 00074,NAGENDRA S.,100074,MICRON ELECTRICALS,HR & ADMIN,Bangalore,SYSTEM ADMIN,,,Default,Permanent,MALE,01/01/1900,01/01/1900,[be00140000]
MIC - 00141,SHANTHAMURTHY T.N,100141,MICRON ELECTRICALS,T&C,Bangalore,SR. ENGINEER,,,Default,Permanent,MALE,01/01/1900,01/01/1900,[0eb1640000]
MIC - 00171,MOHAN KUMAR S,100171,MICRON ELECTRICALS,STORES,Bangalore,STORES ASSISTANT,,,Default,Permanent,MALE,10/07/2006,10/07/2006,[f3b1640000]
MIC - 00173,GAJALAKSHMI  K.,100173,MICRON ELECTRICALS,BILLING,Bangalore,SR. EXECUTIVE,,,Default,Permanent,FEMALE,01/01/1900,01/01/1900,[6db1640000]
MIC - 00189,RADHIKA  P. R.,100189,MICRON ELECTRICALS,BILLING,Bangalore,SR. EXECUTIVE,,,Default,Permanent,FEMALE,01/01/1900,01/01/1900,[6eb1640000]
MIC - 00192,LALITHAMBA,100192,MICRON ELECTRICALS,STORES,Bangalore,EXECUTIVE,,,Default,Permanent,FEMALE,01/01/1900,01/01/1900,[f4b1640000]
MIC - 00212,SHALINI S.,100212,MICRON ELECTRICALS,ACCOUNTS,Bangalore,ACCOUNTS EXECUTIVE  - CASH,,,Default,Permanent,FEMALE,01/01/1900,01/01/1900,[b4b1640000]
MIC - 00215,SUKUMAR H.S,100215,MICRON ELECTRICALS,T&C,Bangalore,SR. MANAGER,,,Default,Permanent,MALE,01/01/1900,01/01/1900,[70b1640000]
MIC - 00218,SAI SATHISH B.,100218,MICRON ELECTRICALS,DESIGN,Bangalore,JR. ENGINEER,,,Default,Permanent,MALE,01/01/1900,01/01/1900,[71b1640000]
MIC - 00231,PRAKASH N. IYENGAR,100231,MICRON ELECTRICALS,PURCHASE,Bangalore,SR. ENGINEER,,,Default,Permanent,MALE,01/01/1900,01/01/1900,[74b1640000]
MIC - 00246,CHANDRASHEKAR B N,100246,MICRON ELECTRICALS,ACCOUNTS,Bangalore,ACCOUNTS EXECUTIVE,,,Default,Permanent,MALE,02/04/2007,02/04/2007,[75b1640000]
MIC - 00251,SREEPADARAJACHAR,100251,MICRON ELECTRICALS,HR & ADMIN,Bangalore,OFFICE ASST.,,,Default,Permanent,MALE,01/01/1900,01/01/1900,[76b1640000]
MIC - 00252,KUMAR GOWDA B M,100252,MICRON ELECTRICALS,HR & ADMIN,Bangalore,OFFICE ASST.,,,Default,Permanent,MALE,01/01/1900,01/01/1900,[77b1640000]
MIC - 00255,HARISH B S,100255,MICRON ELECTRICALS,STORES,Bangalore,STORE KEEPER,,,Default,Permanent,MALE,10/01/2005,10/01/2005,[fdb1640000]
MIC - 00311,DEEPU K.S.,100311,MICRON ELECTRICALS,HR & ADMIN,Bangalore,ASST. MANAGER - SAFETY & LEGAL,,,Default,Permanent,MALE,01/01/1900,01/01/1900,[78b1640000]
MIC - 00313,GIRIDHAR T.L,100313,MICRON ELECTRICALS,HR & ADMIN,Bangalore,SAFETY OFFICER,,,Default,Permanent,MALE,01/12/2005,01/12/2005,[79b1640000]
MIC - 00361,RAJASHEKAR B.,100361,MICRON ELECTRICALS,DESIGN,Bangalore,ASST. ENGINEER,,,Default,Permanent,MALE,01/01/1900,01/01/1900,[7bb1640000]
MIC - 00378,NAGESH M.,100378,MICRON ELECTRICALS,DESIGN,Bangalore,ASST. ENGINEER,,,Default,Permanent,MALE,10/12/2007,10/12/2007,[7db1640000]
MIC - 00380,LAKSHMI,100380,MICRON ELECTRICALS,ACCOUNTS,Bangalore,SR. EXECUTIVE - CASH,,,Default,Permanent,FEMALE,03/08/1998,03/08/1998,[b3b1640000]
MIC - 00381,MAMATHA G.,100381,MICRON ELECTRICALS,BILLING,Bangalore,MANAGER,,,Default,Permanent,FEMALE,01/01/1900,01/01/1900,[7eb1640000]
MIC - 00382,ASHWINI  B N,100382,MICRON ELECTRICALS,TENDER & ESTIMATION,Bangalore,ASST. ENGINEER,,,Default,Permanent,FEMALE,11/02/2008,11/02/2008,[7fb1640000]
MIC - 00386,MANJULA,100386,MICRON ELECTRICALS,HR & ADMIN,Bangalore,EXECUTIVE - ADMIN,,,Default,Permanent,FEMALE,03/03/2008,03/03/2008,[81b1640000]
MIC - 00399,RAVINDRA KONANAVAR,100399,MICRON ELECTRICALS,ACCOUNTS,Bangalore,ACCOUNTS ASST.,,,Default,Permanent,MALE,02/03/2007,02/03/2007,[87b1640000]
MIC - 00400,KRISHANAPPA K,100400,MICRON ELECTRICALS,HR & ADMIN,Bangalore,OFFICE ASST.,,,Default,Permanent,MALE,01/01/1900,01/01/1900,[88b1640000]
MIC - 00406,ROOHI,100406,MICRON ELECTRICALS,HR & ADMIN,Bangalore,FRONT OFFICE EXECUTIVE,,,Default,Permanent,FEMALE,10/12/2007,10/12/2007,[89b1640000]
MIC - 00407,YOGHALAKSHMI,100407,MICRON ELECTRICALS,ACCOUNTS,Bangalore,EXECUTIVE - ADMIN,,,Default,Permanent,FEMALE,01/01/1900,01/01/1900,[8ab1640000]
MIC - 00408,SARITHA E,100408,MICRON ELECTRICALS,HR & ADMIN,Bangalore,EXECUTIVE,,,Default,Permanent,FEMALE,03/01/2008,03/01/2008,[8bb1640000]
MIC - 00412,SHOBHARANI B S,100412,MICRON ELECTRICALS,STORES,Bangalore,EXECUTIVE,,,Default,Permanent,FEMALE,01/01/1900,01/01/1900,[f5b1640000]
MIC - 00414,MURALIDHAR V SHANKARDAS,100414,MICRON ELECTRICALS,STORES,Bangalore,STORES ASSISTANT,,,Default,Permanent,MALE,01/01/1900,01/01/1900,[f7b1640000]
MIC - 00465,ROOPA,100465,MICRON ELECTRICALS,ACCOUNTS,Bangalore,ACCOUNTS EXECUTIVE,,,Default,Permanent,FEMALE,01/01/1900,01/01/1900,[8db1640000]
MIC - 00472,GURUPRASAD K. S.,100472,MICRON ELECTRICALS,ACCOUNTS,Bangalore,MANAGER,,,Default,Permanent,MALE,01/05/2000,01/05/2000,[8eb1640000]
MIC - 00486,SWETHA S.K,100486,MICRON ELECTRICALS,HR & ADMIN,Bangalore,EXECUTIVE - HR & ADMIN,,,Default,Permanent,FEMALE,11/08/2008,11/08/2008,[95b1640000]
MIC - 00493,DEVIKA S.,100493,MICRON ELECTRICALS,BILLING,Bangalore,ASST. ENGINEER,,,Default,Permanent,FEMALE,01/01/1900,01/01/1900,[96b1640000]
MIC - 00494,RAJESHWARI S,100494,MICRON ELECTRICALS,T&C,Bangalore,DATA ENTRY OPERATOR,,,Default,Permanent,FEMALE,01/01/1900,01/01/1900,[e3b1640000]
MIC - 00495,RAJU,100495,MICRON ELECTRICALS,STORES,Bangalore,OFFICE ASSISTANT,,,Default,Permanent,MALE,01/10/2006,01/10/2006,[f9b1640000]
MIC - 00496,BASAVARAJ M BADIGER,100496,MICRON ELECTRICALS,STORES,Bangalore,TECHNICIAN,,,Default,Permanent,MALE,01/04/2007,01/04/2007,[fab1640000]
MIC - 00543,SHESHADRI C S,100543,MICRON ELECTRICALS,PLANNING & CO-ORDINATION,Bangalore,SR. MANAGER,,,Default,Permanent,MALE,01/01/1900,01/01/1900,[98b1640000]
MIC - 00544,LATHA C,100544,MICRON ELECTRICALS,ACCOUNTS,Bangalore,ACCOUNTS ASST.,,,Default,Permanent,FEMALE,01/01/1900,01/01/1900,[99b1640000]
MIC - 00548,VANITHA P,100548,MICRON ELECTRICALS,HR & ADMIN,Bangalore,SR. EXECUTIVE - ADMIN,,,Default,Permanent,FEMALE,01/11/2009,01/11/2009,[9ab1640000]
MIC - 00549,GUNASHEKARAN S,100549,MICRON ELECTRICALS,STORES,Bangalore,MANAGER - STORES & LOGISTIC,,,Default,Permanent,MALE,02/11/2009,02/11/2009,[fbb1640000]
MIC - 00552,SADASHIVA,100552,MICRON ELECTRICALS,DESIGN,Bangalore,SR. MANAGER,,,Default,Permanent,MALE,01/01/1900,01/01/1900,[9cb1640000]
MIC - 00553,NAGARATHNA  N. S.,100553,MICRON ELECTRICALS,ACCOUNTS,Bangalore,ACCOUNTS OFFICER,,,Default,Permanent,FEMALE,06/12/2000,06/12/2000,[9db1640000]
MIC - 00581,MOHAMEED RAFIQ,100581,MICRON ELECTRICALS,DESIGN,Bangalore,SR. MANAGER,,,Default,Permanent,MALE,01/05/2010,01/05/2010,[a1b1640000]
MIC - 00588,ASHA K,100588,MICRON ELECTRICALS,BILLING,Bangalore,ASST. ENGINEER,,,Default,Permanent,FEMALE,01/01/1900,01/01/1900,[a2b1640000]
MIC - 00589,ROOPA D M,100589,MICRON ELECTRICALS,PURCHASE,Bangalore,ASST. ENGINEER,,,Default,Permanent,FEMALE,01/01/1900,01/01/1900,[a3b1640000]
MIC - 00591,PRAKASH S,100591,MICRON ELECTRICALS,STORES,Bangalore,SR. ENGINEER,,,Default,Permanent,MALE,01/01/1900,01/01/1900,[51b1640000]
MIC - 00598,SIVANESAN N,100598,MICRON ELECTRICALS,PLANNING & CO-ORDINATION,Bangalore,ASST. ENGINEER,,,Default,Permanent,MALE,09/08/2010,09/08/2010,
MIC - 00602,PRAJITH,100602,MICRON ELECTRICALS,STORES,Bangalore,SR. EXECUTIVE,,,Default,Permanent,MALE,01/01/1900,01/01/1900,[feb1640000]
MIC - 00608,RAJASHEKAR H,100608,MICRON ELECTRICALS,DESIGN,Bangalore,ASST. ENGINEER (TRAINEE),,,Default,Permanent,MALE,07/06/2010,07/06/2010,[c7b1640000]
MIC - 00610,ASHWINI GAVI B.,100610,MICRON ELECTRICALS,TENDER & ESTIMATION,Bangalore,ASST. ENGINEER (TRAINEE),,,Default,Permanent,FEMALE,01/01/1900,01/01/1900,[abb1640000]
MIC - 00612,ASHOK K R,100612,MICRON ELECTRICALS,ACCOUNTS,Bangalore,JR. EXECUTIVE,,,Default,Permanent,MALE,09/07/2010,09/07/2010,[c3b1640000]
MIC - 00613,GANESH K H,100613,MICRON ELECTRICALS,DESIGN,Bangalore,ENGINEER,,,Default,Permanent,MALE,01/01/1900,01/01/1900,[e1b1640000]
MIC - 00616,BHARATHI S,100616,MICRON ELECTRICALS,TENDER & ESTIMATION,Bangalore,SR. ENGINEER,,,Default,Permanent,FEMALE,09/11/2010,09/11/2010,[d3b1640000]
MIC - 00617,AMBAREESHA T V,100617,MICRON ELECTRICALS,STORES,Bangalore,TECHNICIAN,,,Default,Permanent,MALE,03/03/2008,03/03/2008,[02b2640000]
MIC - 00620,GHOSHITHA K,100620,MICRON ELECTRICALS,PURCHASE,Bangalore,ASST. ENGINEER,,,Default,Permanent,FEMALE,01/01/1900,01/01/1900,[c0b1640000]
MIC - 00624,VIJETH,100624,MICRON ELECTRICALS,DESIGN,Bangalore,ASST. ENGINEER (TRAINEE),,,Default,Permanent,MALE,03/08/2010,03/08/2010,[c1b1640000]
MIC - 00625,MEGHALA G,100625,MICRON ELECTRICALS,ACCOUNTS,Bangalore,JR. EXECUTIVE  - CASH,,,Default,Permanent,FEMALE,09/08/2010,09/08/2010,[ebb1640000]
MIC - 00626,SHASHIKALA G,100626,MICRON ELECTRICALS,ACCOUNTS,Bangalore,JR. EXECUTIVE,,,Default,Permanent,FEMALE,11/08/2010,11/08/2010,[e8b1640000]
MIC - 00627,NANDINI K,100627,MICRON ELECTRICALS,HR & ADMIN,Bangalore,EXECUTIVE - HR,,,Default,Permanent,FEMALE,02/08/2010,02/08/2010,[b8b1640000]
MIC - 00628,GOVIND RAO,100628,MICRON ELECTRICALS,STORES,Bangalore,STORES CO-ORDINATOR,,,Default,Permanent,MALE,04/08/2010,04/08/2010,[05b2640000]
MIC - 00629,ARCHANA,100629,MICRON ELECTRICALS,BILLING,Bangalore,ASST. ENGINEER (TRAINEE),,,Default,Permanent,FEMALE,03/09/2010,03/09/2010,[d8b1640000]
MIC - 00631,SNEHA B Y,100631,MICRON ELECTRICALS,TENDER & ESTIMATION,Bangalore,ASST. ENGINEER (TRAINEE),,,Default,Permanent,FEMALE,01/01/1900,01/01/1900,[d1b1640000]
MIC - 00633,RAMYA R,100633,MICRON ELECTRICALS,PURCHASE,Bangalore,ASST. ENGINEER (TRAINEE),,,Default,Permanent,FEMALE,07/10/2010,07/10/2010,[cdb1640000]
MIC - 00634,AMRUTHA P,100634,MICRON ELECTRICALS,TENDER & ESTIMATION,Bangalore,ASST. ENGINEER (TRAINEE),,,Default,Permanent,FEMALE,01/01/1900,01/01/1900,[ccb1640000]
MIC - 00636,SURENDRA B S,100636,MICRON ELECTRICALS,HR & ADMIN,Bangalore,EXECUTIVE - ADMIN,,,Default,Permanent,MALE,03/11/2010,03/11/2010,[deb1640000]
MIC - 00637,SHRUTHI P,100637,MICRON ELECTRICALS,BILLING,Bangalore,ASST. ENGINEER (TRAINEE),,,Default,Permanent,FEMALE,11/11/2010,11/11/2010,[dbb1640000]
MIC - 00642,ANADA KUMAR J,100642,MICRON ELECTRICALS,ACCOUNTS,Bangalore,EXECUTIVE,,,Default,Permanent,MALE,01/01/1900,01/01/1900,[eab1640000]
MIC - 00643,LATHA R,100643,MICRON ELECTRICALS,ACCOUNTS,Bangalore,ACCOUNTS EXECUTIVE  - CASH,,,Default,Permanent,FEMALE,01/12/2010,01/12/2010,[ecb1640000]
MIC - 00644,MAHALAKSHMI S M,100644,MICRON ELECTRICALS,DESIGN,Bangalore,ASST. ENGINEER (TRAINEE),,,Default,Permanent,FEMALE,01/01/1900,01/01/1900,
MIC - 00645,SNEHA B G,100645,MICRON ELECTRICALS,TENDER & ESTIMATION,Bangalore,ASST. ENGINEER (TRAINEE),,,Default,Permanent,FEMALE,01/01/1900,01/01/1900,[d5b1640000]
MIC - 00648,ANANDA I K,100648,MICRON ELECTRICALS,TENDER & ESTIMATION,Bangalore,ASST. ENGINEER (TRAINEE),,,Default,Permanent,MALE,01/01/1900,01/01/1900,[d6b1640000]
MIC - 00649,SUMALATA I ARAGANJI,100649,MICRON ELECTRICALS,PLANNING & CO-ORDINATION,Bangalore,ASST. ENGINEER,,,Default,Permanent,FEMALE,01/01/2011,01/01/2011,[13b1640000]
MIC - 00680,CHANDRASHEKAR  K. N.,100680,MICRON ELECTRICALS,ACCOUNTS,Bangalore,ACCOUNTS ASST.,,,Default,Permanent,MALE,01/01/1900,01/01/1900,[61b1640000]
MIC - 00681,RASHMI S.,100681,MICRON ELECTRICALS,BILLING,Bangalore,ASST. ENGINEER,,,Default,Permanent,FEMALE,11/06/2007,11/06/2007,[7ab1640000]
MIC - 00682,RAMYA K.S.,100682,MICRON ELECTRICALS,DESIGN,Bangalore,TRAINEE ENGINEER,,,Default,Permanent,FEMALE,10/03/2008,10/03/2008,[82b1640000]
MIC - 00683,KAVITHA D.B.,100683,MICRON ELECTRICALS,PURCHASE,Bangalore,ASST. ENGINEER,,,Default,Permanent,FEMALE,01/01/1900,01/01/1900,[83b1640000]
MIC - 00684,VINUTHA,100684,MICRON ELECTRICALS,PURCHASE,Bangalore,ASST. ENGINEER,,,Default,Permanent,FEMALE,01/01/1900,01/01/1900,[84b1640000]
MIC - 00685,SACHITHA KUMARI  A,100685,MICRON ELECTRICALS,PURCHASE,Bangalore,ASST. ENGINEER,,,Default,Permanent,FEMALE,12/12/2007,12/12/2007,[86b1640000]
MIC - 00686,NAGAMANI N,100686,MICRON ELECTRICALS,TENDER & ESTIMATION,Bangalore,ASST. ENGINEER,,,Default,Permanent,FEMALE,01/01/1900,01/01/1900,[8cb1640000]
MIC - 00687,MANASA  G,100687,MICRON ELECTRICALS,TENDER & ESTIMATION,Bangalore,ASST. ENGINEER,,,Default,Permanent,FEMALE,01/01/1900,01/01/1900,[8fb1640000]
MIC - 00688,MAMATHA  V,100688,MICRON ELECTRICALS,TENDER & ESTIMATION,Bangalore,ASST. ENGINEER,,,Default,Permanent,FEMALE,05/06/2008,05/06/2008,[90b1640000]
MIC - 00689,SHRUTHI  H G,100689,MICRON ELECTRICALS,TENDER & ESTIMATION,Bangalore,ENGINEER,,,Default,Permanent,FEMALE,05/06/2008,05/06/2008,[91b1640000]
MIC - 00690,MADHU SMITHA  L P,100690,MICRON ELECTRICALS,TENDER & ESTIMATION,Bangalore,ASST. ENGINEER,,,Default,Permanent,FEMALE,01/01/1900,01/01/1900,[92b1640000]
MIC - 00694,RAGHAVENDRA J,100694,MICRON ELECTRICALS,TENDER & ESTIMATION,Bangalore,ASST. ENGINEER (TRAINEE),,,Default,Permanent,MALE,01/01/1900,01/01/1900,[9eb1640000]
MIC - 00695,MOHAN KUMAR K N,100695,MICRON ELECTRICALS,PLANNING & CO-ORDINATION,Bangalore,ASST. ENGINEER,,,Default,Permanent,MALE,01/01/1900,01/01/1900,[14b1640000]
MIC - 00698,MUNIYELLAPPA,100698,MICRON ELECTRICALS,LAISONING,Bangalore,JR. ENGINEER,,,Default,Permanent,MALE,01/01/1900,01/01/1900,[19b1640000]
MIC - 00699,SUMA SANJAY,100699,MICRON ELECTRICALS,PURCHASE,Bangalore,ENGINEER,,,Default,Permanent,FEMALE,06/09/2011,06/09/2011,[31b1640000]
MIC - 00700,GOUTHAMI K,100700,MICRON ELECTRICALS,PURCHASE,Bangalore,ASST. ENGINEER (TRAINEE),,,Default,Permanent,FEMALE,01/01/1900,01/01/1900,[4cb1640000]
MIC - 00701,RASHMI KALLANAGOUDER,100701,MICRON ELECTRICALS,PURCHASE,Bangalore,ASST. ENGINEER (TRAINEE),,,Default,Permanent,FEMALE,07/02/2011,07/02/2011,[1ab1640000]
MIC - 00702,SHWETHA E,100702,MICRON ELECTRICALS,BILLING,Bangalore,ASST. ENGINEER (TRAINEE),,,Default,Permanent,FEMALE,09/02/2011,09/02/2011,[1eb1640000]
MIC - 00703,ARUN KUMAR,100703,MICRON ELECTRICALS,PURCHASE,Bangalore,ASST. EXECUTIVE - COMMERCIAL,,,Default,Permanent,MALE,01/01/1900,01/01/1900,[1bb1640000]
MIC - 00704,RAMAKRISHNA K R,100704,MICRON ELECTRICALS,PURCHASE,Bangalore,ASST. EXECUTIVE - COMMERCIAL,,,Default,Permanent,MALE,01/01/1900,01/01/1900,[1db1640000]
MIC - 00705,MOHAN KUMAR K S,100705,MICRON ELECTRICALS,TENDER & ESTIMATION,Bangalore,ASST. ENGINEER (TRAINEE),,,Default,Permanent,MALE,01/01/1900,01/01/1900,[18b1640000]
MIC - 00706,DIVYASREE S N,100706,MICRON ELECTRICALS,TENDER & ESTIMATION,Bangalore,ASST. ENGINEER (TRAINEE),,,Default,Permanent,FEMALE,01/01/1900,01/01/1900,[4ab1640000]
MIC - 00707,SPANDANA S P,100707,MICRON ELECTRICALS,TENDER & ESTIMATION,Bangalore,ASST. ENGINEER (TRAINEE),,,Default,Permanent,FEMALE,01/01/1900,01/01/1900,[49b1640000]
MIC - 00708,O JAYALAKSHMI,100708,MICRON ELECTRICALS,BILLING,Bangalore,ASST. ENGINEER,,,Default,Permanent,FEMALE,01/01/1900,01/01/1900,[27b1640000]
MIC - 00713,LAKSHMI S,100713,MICRON ELECTRICALS,HR & ADMIN,Bangalore,JR. EXECUTIVE,,,Default,Permanent,FEMALE,01/01/1900,01/01/1900,[11b1640000]
SES - 00141,ALOYVISUS T,500141,SAVITHA ENTERPRISES,HR & ADMIN,Bangalore,DRIVER,,,Default,Permanent,MALE,01/01/1900,01/01/1900,
SES - 00143,BALAJI S,500143,SAVITHA ENTERPRISES,HR & ADMIN,Bangalore,DRIVER,,,Default,Permanent,MALE,10/10/2001,10/10/2001,
SES - 00151,GOVARDHAN P Y,500151,SAVITHA ENTERPRISES,HR & ADMIN,Bangalore,DRIVER,,,Default,Permanent,MALE,01/01/1900,01/01/1900,
SES - 00155,NAVEEN KUMAR M,500155,SAVITHA ENTERPRISES,HR & ADMIN,Bangalore,DRIVER,,,Default,Permanent,MALE,01/01/1900,01/01/1900,
SES - 00161,NAGARAJ,500161,SAVITHA ENTERPRISES,STORES,Bangalore,OFFICE BOY,,,Default,Permanent,MALE,01/01/1900,01/01/1900,[ffb1640000]
SES - 00314,ANAND B,500314,SAVITHA ENTERPRISES,STORES,Bangalore,OFFICE BOY,,,Default,Permanent,MALE,01/01/1900,01/01/1900,[00b2640000]
SES - 00374,RAGHU,500374,SAVITHA ENTERPRISES,STORES,Bangalore,OFFICE BOY,,,Default,Permanent,MALE,05/03/2007,05/03/2007,[01b2640000]
SES - 00377,SHIVANNA N.,500377,SAVITHA ENTERPRISES,HR & ADMIN,Bangalore,SECURITY OFFICER,,,Default,Permanent,MALE,01/01/1900,01/01/1900,[b9b1640000]
SES - 00915,KUMAR V,500915,SAVITHA ENTERPRISES,HR & ADMIN,Bangalore,DRIVER,,,Default,Permanent,MALE,10/09/2007,10/09/2007,
SES - 01036,SIDDARAJU B,501036,SAVITHA ENTERPRISES,HR & ADMIN,Bangalore,OFFICE ASST.,,,Default,Permanent,MALE,01/01/1900,01/01/1900,[bbb1640000]
SES - 01187,NAGARAJ M,501187,SAVITHA ENTERPRISES,HR & ADMIN,Bangalore,DRIVER,,,Default,Permanent,MALE,01/01/1900,01/01/1900,
SES - 01374,MURUGAN K,501374,SAVITHA ENTERPRISES,HR & ADMIN,Bangalore,DRIVER,,,Default,Permanent,MALE,04/01/2009,04/01/2009,
SES - 01484,RAJESH,501484,SAVITHA ENTERPRISES,HR & ADMIN,Bangalore,DRIVER,,,Default,Permanent,MALE,01/01/1900,01/01/1900,
SES - 01551,JAGADEESH,501551,SAVITHA ENTERPRISES,HR & ADMIN,Bangalore,OFFICE ASST.,,,Default,Permanent,MALE,03/02/2010,03/02/2010,[bcb1640000]
SES - 01588,NAVEEN K,501588,SAVITHA ENTERPRISES,HR & ADMIN,Bangalore,CLEANER,,,Default,Permanent,MALE,07/11/2005,07/11/2005,
SES - 01621,UMESH M L,501621,SAVITHA ENTERPRISES,HR & ADMIN,Bangalore,ASST. SYSTEM ADMIN,,,Default,Permanent,MALE,06/05/2010,06/05/2010,[adb1640000]
SES - 01626,SATHISH D R,501626,SAVITHA ENTERPRISES,ACCOUNTS,Bangalore,JUNIOR EXECUTIVE (TRAINEE),,,Default,Permanent,MALE,11/05/2010,11/05/2010,[bfb1640000]
SES - 01651,KRISHNA KUMAR C,501651,SAVITHA ENTERPRISES,HR & ADMIN,Bangalore,DRIVER,,,Default,Permanent,MALE,09/01/2009,09/01/2009,
SES - 01698,RAGHU C.M,501698,SAVITHA ENTERPRISES,HR & ADMIN,Bangalore,DRIVER,,,Default,Permanent,MALE,06/01/2010,06/01/2010,
SES - 01738,SARITHA K H,501738,SAVITHA ENTERPRISES,PLANNING & CO-ORDINATION,Bangalore,DATA ENTRY OPERATOR,,,Default,Permanent,FEMALE,01/01/1900,01/01/1900,[c4b1640000]
SES - 01763,RAMACHANDRAIAH,501763,SAVITHA ENTERPRISES,STORES,Bangalore,ASST. MACHANIC,,,Default,Permanent,MALE,09/07/2010,09/07/2010,[04b2640000]
SES - 01781,SHIVAJ KUMAR,501781,SAVITHA ENTERPRISES,BILLING,Bangalore,ASST. ENGINEER (TRAINEE),,,Default,Permanent,MALE,10/08/2010,10/08/2010,[c9b1640000]
SES - 01811,ANANDA S R,501811,SAVITHA ENTERPRISES,STORES,Bangalore,TECHNICIAN,,,Default,Permanent,MALE,03/08/2010,03/08/2010,
SES - 01815,RANGANATHAPPA K R,501815,SAVITHA ENTERPRISES,STORES,Bangalore,STORES ASSISTANT,,,Default,Permanent,MALE,01/01/1900,01/01/1900,[07b2640000]
SES - 01892,RAGHU H.S,501892,SAVITHA ENTERPRISES,T&C,Bangalore,TECHNICIAN,,,Default,Permanent,MALE,10/01/2011,10/01/2011,[4fb1640000]
SES - 01896,MUNIRATHNAM NAIDU,501896,SAVITHA ENTERPRISES,HR & ADMIN,Bangalore,DRIVER,,,Default,Permanent,MALE,10/04/2010,10/04/2010,
SES - 01903,KIRAN G,501903,SAVITHA ENTERPRISES,HR & ADMIN,Bangalore,OFFICE ASST.,,,Default,Permanent,MALE,01/01/1900,01/01/1900,[ceb1640000]
SES - 01911,MADESHA,501911,SAVITHA ENTERPRISES,HR & ADMIN,Bangalore,CREANE OPERATOR,,,Default,Permanent,MALE,09/10/2011,09/10/2011,
SES - 01953,SRINIVAS V K,501953,SAVITHA ENTERPRISES,HR & ADMIN,Bangalore,DRIVER,,,Default,Permanent,MALE,01/01/1900,01/01/1900,
SES - 01964,ANIL KUMAR R,501964,SAVITHA ENTERPRISES,T&C,Bangalore,TECHNICIAN,,,Default,Permanent,MALE,01/01/1900,01/01/1900,[50b1640000]
SES - 02015,MADAN,502015,SAVITHA ENTERPRISES,HR & ADMIN,Bangalore,DATA ENTRY OPERATOR,,,Default,Permanent,MALE,08/01/2011,08/01/2011,[12b1640000]
SES - 02018,DEVENDRA N,502018,SAVITHA ENTERPRISES,HR & ADMIN,Bangalore,OFFICE ASST.,,,Default,Permanent,MALE,01/01/1900,01/01/1900,[17b1640000]
SES - 02030,KRISHNA C V,502030,SAVITHA ENTERPRISES,HR & ADMIN,Bangalore,DRIVER,,,Default,Permanent,MALE,01/03/2011,01/03/2011,
SES - 02042,PRAKASH G,502042,SAVITHA ENTERPRISES,HR & ADMIN,Bangalore,OFFICE ASST.,,,Default,Permanent,MALE,01/01/1900,01/01/1900,[2bb1640000]
SES - 02065,MANJUNATHA M V,502065,SAVITHA ENTERPRISES,HR & ADMIN,Bangalore,OFFICE ASST.,,,Default,Permanent,MALE,01/01/1900,01/01/1900,[4eb1640000]
SES - 02081,LOKESH N,502081,SAVITHA ENTERPRISES,STORES,Bangalore,ASST. MACHANIC,,,Default,Permanent,MALE,06/07/2010,06/07/2010,[09b2640000]
SES - 02114,SRINIVAS H S,502114,SAVITHA ENTERPRISES,HR & ADMIN,Bangalore,OFFICE ASST.,,,Default,Permanent,MALE,02/05/2011,02/05/2011,[f7b0640000]
SES - 02124,KEERTHANA D,502124,SAVITHA ENTERPRISES,TENDER & ESTIMATION,Bangalore,ASST. ENGINEER (TRAINEE),,,Default,Permanent,FEMALE,01/01/1900,01/01/1900,[2cb1640000]
SES - 02125,ARUN SREENIVASAN,502125,SAVITHA ENTERPRISES,ACCOUNTS,Bangalore,EXECUTIVE,,,Default,Permanent,MALE,01/01/1900,01/01/1900,[19b2640000]
SES - 02126,SHIVAKUMAR R,502126,SAVITHA ENTERPRISES,HR & ADMIN,Bangalore,OFFICE ASST.,,,Default,Permanent,MALE,01/01/1900,01/01/1900,[0db1640000]
SES - 02139,SANTHOSH KUMAR,502139,SAVITHA ENTERPRISES,HR & ADMIN,Bangalore,DRIVER,,,Default,Permanent,MALE,01/01/1900,01/01/1900,
SES - 02140,VENKATESH N,502140,SAVITHA ENTERPRISES,HR & ADMIN,Bangalore,DRIVER,,,Default,Permanent,MALE,01/01/1900,01/01/1900,
SES - 02147,SAROJ K B,502147,SAVITHA ENTERPRISES,BILLING,Bangalore,ASST. ENGINEER (TRAINEE),,,Default,Permanent,FEMALE,01/01/1900,01/01/1900,[28b1640000]
SES - 02148,MAHESHWARI S,502148,SAVITHA ENTERPRISES,TENDER & ESTIMATION,Bangalore,ASST. ENGINEER (TRAINEE),,,Default,Permanent,FEMALE,01/01/1900,01/01/1900,[21b1640000]
SES - 02149,VENUGOPAL M H,502149,SAVITHA ENTERPRISES,HR & ADMIN,Bangalore,EXECUTIVE - HR & ADMIN,,,Default,Permanent,MALE,01/06/2011,01/06/2011,[29b1640000]
SES - 02150,SAVITHA K A,502150,SAVITHA ENTERPRISES,PURCHASE,Bangalore,ASST. EXECUTIVE - COMMERCIAL,,,Default,Permanent,FEMALE,01/06/2011,01/06/2011,[26b1640000]
SES - 02155,LALI R NAYAR,502155,SAVITHA ENTERPRISES,DESIGN,Bangalore,JR. ENGINEER,,,Default,Permanent,FEMALE,06/06/2011,06/06/2011,[2ab1640000]
SES - 02180,NITHEESHA,502180,SAVITHA ENTERPRISES,DESIGN,Bangalore,JR. ENGINEER,,,Default,Permanent,Female,06/07/2011,06/07/2011,[38b1640000]
SES - 02181,RANJAN SHETTY,502181,SAVITHA ENTERPRISES,DESIGN,Bangalore,ASST. ENGINEER,,,Default,Permanent,Female,11/07/2011,11/07/2011,[39b1640000]
SES - 02182,MANJUNATHA C K,502182,SAVITHA ENTERPRISES,HR & ADMIN,Bangalore,OFFICE ASST.,,,Default,Permanent,MALE,01/01/1900,01/01/1900,[3cb1640000]
SES - 02183,VIDYA S B,502183,SAVITHA ENTERPRISES,DESIGN,Bangalore,JR. ENGINEER,,,Default,Permanent,Female,01/01/1900,01/01/1900,[37b1640000]
SES - 02186,ASHOK V,502186,SAVITHA ENTERPRISES,DESIGN,Bangalore,ASST. ENGINEER,,,Default,Permanent,Female,01/01/1900,01/01/1900,[3bb1640000]
SES - 02187,VINOD M C,502187,SAVITHA ENTERPRISES,DESIGN,Bangalore,ASST. ENGINEER,,,Default,Permanent,MALE,01/01/1900,01/01/1900,[3ab1640000]
SES - 02202,VINUTHA G A,502202,SAVITHA ENTERPRISES,PURCHASE,Bangalore,ASST. ENGINEER (TRAINEE),,,Default,Permanent,FEMALE,01/08/2011,01/08/2011,[30b1640000]
SES - 02203,SAHANA GOUTHAMI,502203,SAVITHA ENTERPRISES,BILLING,Bangalore,ASST. ENGINEER (TRAINEE),,,Default,Permanent,FEMALE,01/01/1900,01/01/1900,
SES - 02205,PRIYATHAMA,502205,SAVITHA ENTERPRISES,TENDER & ESTIMATION,Bangalore,ASST. ENGINEER (TRAINEE),,,Default,Permanent,MALE,01/01/1900,01/01/1900,[2db1640000]
SES - 02223,ASHWINI V H,502223,SAVITHA ENTERPRISES,PURCHASE,Bangalore,ASST. ENGINEER,,,Default,Permanent,FEMALE,01/01/1900,01/01/1900,[32b1640000]
SES - 02229,VIKAS H C,502229,SAVITHA ENTERPRISES,BILLING,Bangalore,ASST. ENGINEER (TRAINEE),,,Default,Permanent,MALE,01/01/1900,01/01/1900,[34b1640000]
SES - 02230,YOGESHA H P,502230,SAVITHA ENTERPRISES,BILLING,Bangalore,ASST. ENGINEER (TRAINEE),,,Default,Permanent,MALE,01/01/1900,01/01/1900,[35b1640000]
SES - 02231,MALLIKARJUN,502231,SAVITHA ENTERPRISES,PURCHASE,Bangalore,ASST. ENGINEER (TRAINEE),,,Default,Permanent,MALE,01/01/1900,01/01/1900,[33b1640000]
SES - 02232,MADHUSUDHAN M,502232,SAVITHA ENTERPRISES,TENDER & ESTIMATION,Bangalore,ASST. ENGINEER (TRAINEE),,,Default,Permanent,MALE,01/01/1900,01/01/1900,[2eb1640000]
SES - 02233,SREEKANTH K,502233,SAVITHA ENTERPRISES,TENDER & ESTIMATION,Bangalore,ASST. ENGINEER (TRAINEE),,,Default,Permanent,MALE,01/01/1900,01/01/1900,[2fb1640000]
SES - 02237,NARAYANA M R,502237,SAVITHA ENTERPRISES,STORES,Bangalore,STORES ASSISTANT,,,Default,Permanent,MALE,06/11/2008,06/11/2008,[03b2640000]
SES - 02252,VEERESH H.D,502252,SAVITHA ENTERPRISES,PLANNING & CO-ORDINATION,Bangalore,ASST. ENGINEER,,,Default,Permanent,MALE,10/10/2011,10/10/2011,
SES - 02253,MADHU SRI M,502253,SAVITHA ENTERPRISES,TENDER & ESTIMATION,Bangalore,ASST. ENGINEER (TRAINEE),,,Default,Permanent,FEMALE,03/10/2011,03/10/2011,
SES - 02254,SURESH M.C,502254,SAVITHA ENTERPRISES,PLANNING & CO-ORDINATION,Bangalore,ASST. ENGINEER,,,Default,Permanent,MALE,01/01/1900,01/01/1900,
SES - 02255,VENUGOPAL,502255,SAVITHA ENTERPRISES,PLANNING & CO-ORDINATION,Bangalore,ASST. ENGINEER,,,Default,Permanent,MALE,01/01/1900,01/01/1900,
SES - 02257,GIREESH B.R,502257,SAVITHA ENTERPRISES,HR & ADMIN,Bangalore,DRIVER,,,Default,Permanent,MALE,01/01/1900,01/01/1900,
SES - 02279,SURESHA,502279,SAVITHA ENTERPRISES,PLANNING & CO-ORDINATION,Bangalore,ASST. ENGINEER,,,Default,Permanent,MALE,01/01/1900,01/01/1900,
SES - 02280,SHILPA,502280,SAVITHA ENTERPRISES,ACCOUNTS,Bangalore,EXECUTIVE,,,Default,Permanent,FEMALE,01/01/1900,01/01/1900,
SES - 02281,MAMATHA C,502281,SAVITHA ENTERPRISES,TENDER & ESTIMATION,Bangalore,ASST. ENGINEER,,,Default,Permanent,FEMALE,02/11/2011,02/11/2011,
SES - 02282,CHANDANA,502282,SAVITHA ENTERPRISES,TENDER & ESTIMATION,Bangalore,ASST. ENGINEER (TRAINEE),,,Default,Permanent,FEMALE,08/11/2011,08/11/2011,
SES - 02283,K SWAMY,502283,SAVITHA ENTERPRISES,PLANNING & CO-ORDINATION,Bangalore,ASST. ENGINEER,,,Default,Permanent,MALE,02/11/2011,02/11/2011,
SES - 02284,MAMATHA T.P,502284,SAVITHA ENTERPRISES,STORES,Bangalore,EXECUTIVE,,,Default,Permanent,FEMALE,10/11/2011,10/11/2011,
SES - 02294,MADHURI,502294,SAVITHA ENTERPRISES,BILLING,Bangalore,ASST. ENGINEER (TRAINEE),,,Default,Permanent,FEMALE,01/01/1900,01/01/1900,
SES - 02295,HEMALATHA,502295,SAVITHA ENTERPRISES,BILLING,Bangalore,ASST. ENGINEER (TRAINEE),,,Default,Permanent,FEMALE,01/01/1900,01/01/1900,
SW - 01277,MARISWAMY,601277,SAVITHA WORKERS,STORES,Bangalore,CASUAL LABOUR,,,Default,Permanent,MALE,05/01/2009,05/01/2009,
SW - 01279,RANGASWAMY  D R,601279,SAVITHA WORKERS,STORES,Bangalore,CASUAL WORKER,,,Default,Permanent,MALE,07/01/2009,07/01/2009,
SW - 01280,SHIVAPPA - 12976,601280,SAVITHA WORKERS,STORES,Bangalore,CASUAL WORKER,,,Default,Permanent,MALE,05/01/2009,05/01/2009,
SW - 01281,SRINIVAS - 14173,601281,SAVITHA WORKERS,STORES,Bangalore,CASUAL WORKER,,,Default,Permanent,MALE,01/12/2009,01/12/2009,
SW - 01518,MADHIYALAGAN R,601518,SAVITHA WORKERS,STORES,Bangalore,CASUAL WORKER,,,Default,Permanent,MALE,10/03/2009,10/03/2009,
SW - 02673,PRAKASH H D,602673,SAVITHA WORKERS,STORES,Bangalore,PAINTER,,,Default,Permanent,MALE,01/12/2010,01/12/2010,
SW - 02674,MANJUNATHA D M,602674,SAVITHA WORKERS,STORES,Bangalore,PAINTER,,,Default,Permanent,MALE,01/12/2010,01/12/2010,
SW - 03123,NARASIHMA,603123,SAVITHA WORKERS,STORES,Bangalore,CASUAL WORKER,,,Default,Permanent,MALE,01/01/1900,01/01/1900,
